{
  "train_loss": [
    0.6655663640250987,
    0.6421601884235624,
    0.619601175930705,
    0.6026039409421687,
    0.595963631145555,
    0.5813836445905504,
    0.5678014579266984,
    0.555932949099066,
    0.548375343440345,
    0.5287239265657658,
    0.5179117878907407,
    0.5013517316649941,
    0.48860225088186393,
    0.48300637237356797,
    0.47189565859229315,
    0.4636548439976317,
    0.456810220469177,
    0.4447675277205074,
    0.43045478418671707,
    0.43018883001480707,
    0.4099814936316391,
    0.40262640186699267,
    0.4031863366991147,
    0.3893755768758679,
    0.38196915620727234,
    0.375024767516695,
    0.3698705997806868,
    0.37087681559146257,
    0.370066603080989,
    0.3636261113830821,
    0.34985203134123555,
    0.3540849018825125,
    0.34095580680337967,
    0.33166663338560864,
    0.3380841883868653,
    0.33013309927749956,
    0.32903682179243315,
    0.3232585287640267,
    0.31702203925581,
    0.32179989857910984,
    0.31069079870821664,
    0.3031131683161895,
    0.30313565716889107,
    0.30157252857925126,
    0.3049314628056002,
    0.2967101838861116,
    0.294234947516368,
    0.2888364197677886,
    0.28887784524875526,
    0.28062899427581156,
    0.28281588640013433,
    0.2761303650476544,
    0.281051464092273,
    0.2772152073580215,
    0.27335282022394747,
    0.26885686128724756,
    0.272057941613289,
    0.2694692819029497,
    0.26360487978382885,
    0.2564102083242317,
    0.2591704712902529,
    0.2600302557667456,
    0.25362312069744275,
    0.2585043446645478,
    0.24762161554793966,
    0.25251923629601075,
    0.2466162521712381,
    0.250931320636116,
    0.24434310060449585,
    0.24491548870281396,
    0.24145741812985946,
    0.23694018171720915,
    0.24083316980174224,
    0.23835767440632727,
    0.23639517476386074,
    0.22942805030631802,
    0.23437478818100502,
    0.23373381399056492,
    0.23384111912339522,
    0.23624310751205385,
    0.22538579586573046,
    0.22680760864421254,
    0.23463235476066893,
    0.22455830197798182,
    0.22688056349889185,
    0.22572690534207346
  ],
  "train_acc": [
    0.5999150262002549,
    0.6270358306188925,
    0.6510409290468772,
    0.6708681489873956,
    0.6783033564650899,
    0.6896331964311004,
    0.6986262569041213,
    0.7050701033847897,
    0.715762639852712,
    0.725393003823821,
    0.7371477127885568,
    0.7464948307605155,
    0.7543549072369353,
    0.7561251947316244,
    0.7686588301940235,
    0.7705707406882878,
    0.7794221781617334,
    0.7877779351366662,
    0.7954963886135108,
    0.7965585611103243,
    0.8049851295850446,
    0.818934995043195,
    0.8108624840674126,
    0.8209885285370344,
    0.8237501770287494,
    0.8271491290185526,
    0.8321059340036822,
    0.8297691545106926,
    0.8348675824953973,
    0.8351508284945475,
    0.8430109049709673,
    0.8441438889675683,
    0.8468347259594958,
    0.8514374734456875,
    0.8495963744512108,
    0.8541991219374027,
    0.8539158759382524,
    0.8585894349242317,
    0.8604305339187084,
    0.8550488599348535,
    0.8607137799178587,
    0.8658122079025634,
    0.8656705849029882,
    0.866520322900439,
    0.8662370769012888,
    0.8715479393853561,
    0.8721852428834442,
    0.8725393003823821,
    0.8739555303781334,
    0.8786999008639003,
    0.8767171788698485,
    0.8807534343577397,
    0.8747344568757967,
    0.8797620733607138,
    0.8818864183543408,
    0.8841523863475429,
    0.8850729358447812,
    0.8850729358447812,
    0.8868432233394703,
    0.8913751593258745,
    0.8877637728367087,
    0.8865599773403201,
    0.8899589293301232,
    0.8922248973233253,
    0.8967568333097296,
    0.8936411273190766,
    0.8930746353207761,
    0.8981730633054809,
    0.8967568333097296,
    0.8976773828069678,
    0.9006514657980456,
    0.898314686305056,
    0.8971108908086673,
    0.8979606288061182,
    0.8988811783033565,
    0.9044752867865742,
    0.8990936128027192,
    0.9017136382948591,
    0.9013595807959213,
    0.8998725393003824,
    0.9054666477836001,
    0.9034131142897607,
    0.9011471462965586,
    0.9044752867865742,
    0.9031298682906104,
    0.9062455742812633
  ],
  "val_loss": [
    0.663523462015329,
    0.6240845726630122,
    0.5998996668255206,
    0.5825995655403924,
    0.5542277916497791,
    0.5556684959795057,
    0.49984728952044066,
    0.49884805014145744,
    0.49184115737983863,
    0.4962408612530256,
    0.4976613917916091,
    0.4916862933560438,
    0.41222270076960016,
    0.45475921856681095,
    0.4125823362816855,
    0.42376889808813933,
    0.4110009467190842,
    0.3801088526691358,
    0.37565304492552254,
    0.3390425605334572,
    0.334618938837162,
    0.3557742867695609,
    0.3511064732543279,
    0.33920742141697363,
    0.34799303978527946,
    0.30297032037039395,
    0.3234875259210461,
    0.30555560433104173,
    0.2741488008423872,
    0.3067375245220844,
    0.29455669372121696,
    0.2965663784404391,
    0.2790425745482297,
    0.2770217619644305,
    0.2808238435848664,
    0.2802296942579992,
    0.25092749411873905,
    0.24490832055189177,
    0.24047837461604132,
    0.26888970674505247,
    0.2470849614564003,
    0.24870132123235345,
    0.26236969988658715,
    0.24717110920380608,
    0.2386845577719439,
    0.23851019503145487,
    0.23642283822553828,
    0.23650246219152643,
    0.23949873690330184,
    0.2779031247620653,
    0.23191970457159675,
    0.24952385094516055,
    0.24979384078586608,
    0.24481046672180756,
    0.25902474625396166,
    0.2505623058718389,
    0.21631487588441364,
    0.22512836600101754,
    0.20701447203719375,
    0.2616162860871667,
    0.2244106044311115,
    0.21170029545337268,
    0.2138542483090279,
    0.21226458833372874,
    0.20805270855972716,
    0.23501336974807122,
    0.20195906300256125,
    0.20735542848946276,
    0.20064845584637783,
    0.18661015343938753,
    0.19605247623085514,
    0.19488760000742858,
    0.214159752765536,
    0.21994202565065749,
    0.18879907708327026,
    0.17686016222500464,
    0.19976833864528032,
    0.2002066037366791,
    0.2552821595838639,
    0.1884394474279558,
    0.18133972713858196,
    0.21222114934557185,
    0.18715755553968905,
    0.20113426921277106,
    0.2259644262814299,
    0.18148565385880708
  ],