{
  "train_loss": [
    0.6602882912795468,
    0.6382652885234195,
    0.6345703484515799,
    0.6163226634398844,
    0.6044761776519577,
    0.5971287987890287,
    0.5842716136938846,
    0.5770820668515038,
    0.5733000139844903,
    0.5605348859707154,
    0.547561028087301,
    0.5446569387594499,
    0.5308101048431785,
    0.5277139151393019,
    0.5184968119967577,
    0.5115064396712575,
    0.5060804531450185,
    0.4992798144731047,
    0.4926847156760919,
    0.48110962096112886,
    0.4719274608393061,
    0.46318320943489333,
    0.4528623157901462,
    0.4547621386960081,
    0.4448239541363932,
    0.4398318009274038,
    0.4385165271109046,
    0.4278578051951676,
    0.42293215522803873,
    0.41405350502529836,
    0.4136684453662704,
    0.41079208123333316,
    0.40536151826381683,
    0.4069320152922453,
    0.4008306411529019,
    0.39480867304278716,
    0.39107518801592056,
    0.39103425857168517,
    0.38551930034726994,
    0.38673255939828866,
    0.38448432802614585,
    0.38214939721434366,
    0.371098365314406,
    0.376160020067681,
    0.3654160797933108,
    0.3596331444126448,
    0.3601958219012524,
    0.3622081986379839,
    0.35871384171474036,
    0.35052180573411656,
    0.35521619129774257,
    0.34321906532232577,
    0.3498658396269941,
    0.3470546610956818,
    0.34534608791856203,
    0.3409452765539491,
    0.33840940680304266,
    0.34192357974219645,
    0.3328141690278215,
    0.33530495501211866,
    0.3319855684844347,
    0.3357040509918696,
    0.32758045263959273,
    0.3229438355066118,
    0.32474020726945063,
    0.3221957798187549,
    0.3183303297712253,
    0.31712154777745855,
    0.3129644165852221,
    0.318352619683311,
    0.31084358709025706,
    0.3200072486846965,
    0.31135316188046835,
    0.30933837916246903,
    0.30251074562110514,
    0.3027144163273848,
    0.3105164533523143,
    0.3066366399676282,
    0.30814250673239046,
    0.2987080663948307,
    0.2953240509520019,
    0.2967760150586318,
    0.2941985909081153,
    0.2988288196570733,
    0.29558273307068855,
    0.29312369252694137,
    0.2915467011712795,
    0.28986439309441125,
    0.2933032637571587,
    0.29228542274816544
  ],
  "train_acc": [
    0.6065004956804985,
    0.6348959070953123,
    0.6439597790681206,
    0.6597507435207478,
    0.670301656989095,
    0.6839682764480952,
    0.6885710239342869,
    0.6912618609262144,
    0.6991927489024218,
    0.7028041353915876,
    0.707619317377142,
    0.7084690553745928,
    0.7190907803427277,
    0.7262427418212718,
    0.7252513808242459,
    0.7327573998017278,
    0.7376433932870698,
    0.7445121087664637,
    0.7517348817447953,
    0.761719303214842,
    0.7617901147146297,
    0.7732615776802153,
    0.7809092196572723,
    0.7780767596657697,
    0.7821130151536609,
    0.7906812066279564,
    0.7859368361421895,
    0.7957796346126611,
    0.8040645800878062,
    0.8017278005948166,
    0.8040645800878062,
    0.8052683755841948,
    0.8107208610678374,
    0.8093046310720861,
    0.8161025350516924,
    0.8151111740546665,
    0.8179436340461691,
    0.818934995043195,
    0.8195722985412831,
    0.8216258320351225,
    0.8225463815323608,
    0.8255204645234386,
    0.8282113015153661,
    0.8260161450219515,
    0.8372043619883869,
    0.8355048859934854,
    0.834584336496247,
    0.8366378699900864,
    0.8333097295000708,
    0.8411698059764906,
    0.8407449369777652,
    0.8456309304631072,
    0.8424444129726668,
    0.8418779209743662,
    0.8464098569607704,
    0.8447811924656564,
    0.8452768729641694,
    0.8420903554737289,
    0.8478968984563093,
    0.8444979464665061,
    0.8535618184393146,
    0.8502336779492989,
    0.8554029174337913,
    0.852358022942926,
    0.8568899589293302,
    0.8595099844214701,
    0.8577396969267809,
    0.8601472879195582,
    0.8629089364112732,
    0.8573148279280555,
    0.8600764764197706,
    0.8574564509276307,
    0.8641835434074494,
    0.8653165274040504,
    0.8629089364112732,
    0.8691403483925789,
    0.8605721569182835,
    0.8624132559127602,
    0.8659538309021385,
    0.8702025208893924,
    0.8685030448944908,
    0.8658830194023509,
    0.8708398243874805,
    0.8678657413964028,
    0.8697068403908795,
    0.8710522588868432,
    0.8738847188783458,
    0.8715479393853561,
    0.8695652173913043,
    0.8719728083840815
  ],
  "val_loss": [
    0.5976698249578476,
    0.6005244746650618,
    0.5942604283696598,
    0.5820130075990539,
    0.5640675529223127,
    0.5446778600363388,
    0.530181013585366,
    0.5621941273206288,
    0.5436409788647878,
    0.4897493050270474,
    0.49374635102822606,
    0.4741781301335576,
    0.4716757578756084,
    0.4611973389983177,
    0.46295548357146304,
    0.4356772871207945,
    0.5140952240560472,
    0.4056580987634118,
    0.40950948589471814,
    0.44369192324463547,
    0.4166486065777153,
    0.37032089089571507,
    0.3755877405097804,
    0.36791745665454373,
    0.39415810627805203,
    0.35547690055112247,
    0.35851852655333954,
    0.36277168713145186,
    0.3336084176277377,
    0.38453006339931534,
    0.33034305145829607,
    0.33179408895600704,
    0.3855157126720572,
    0.32390701092933255,
    0.3271615409205869,
    0.36012630676850677,
    0.30486610276353326,
    0.34790643266181354,
    0.3017029356134614,
    0.3349886454411389,
    0.30494677153483185,
    0.3137709416242643,
    0.3179099855934913,
    0.2909481015209992,
    0.32167036549101785,
    0.29210526845657947,
    0.2774328293582453,
    0.2639703257585463,
    0.32495825477520524,
    0.2833240118607418,
    0.28378279341538387,
    0.2720615112021105,
    0.27322069739385213,
    0.28568475163474527,
    0.26045273132046165,
    0.26755357452322603,
    0.27064211182200265,
    0.26837334588899747,
    0.28746942349603954,
    0.26272842123835666,
    0.24885388231385,
    0.26765831837853055,
    0.24409787542637937,
    0.29811635828509775,
    0.27452434653646707,
    0.24865242905588342,
    0.27066290933523596,
    0.2589297716724254,
    0.23863795739070504,
    0.23666227269994536,
    0.2792058672045463,
    0.23888034150052392,
    0.24704998810223505,
    0.2504266060447109,
    0.27437770831249847,
    0.2335880303217732,
    0.2795295689216594,
    0.24840938865888826,
    0.31335658009629697,
    0.22307222624088532,
    0.22942855867398806,
    0.29520770707935784,
    0.22729404394025193,
    0.2602993341873294,
    0.2843590778845948,
    0.22003251053968964,
    0.23271962060093804,
    0.21459214787956654,
    0.22227862502265835,
    0.21295681841114594
  ],