{
  "model_type": "transformer",
  "model_name": "deit_tiny_patch16_224",
  "dataset": "fire",
  "batch_size": 32,
  "epochs": 30,
  "learning_rate": 5e-05,
  "weight_decay": 0.0001,
  "pretrained": true,
  "freeze_backbone": false,
  "dropout": 0.3,
  "image_size": 224,
  "device": "cuda",
  "mixed_precision": true,
  "best_val_acc": 0.9854791868344628,
  "test_metrics": {
    "accuracy": 0.9807245703669298,
    "precision": 0.9821739130434782,
    "recall": 0.9817470664928292,
    "f1": 0.9819604433818735,
    "confusion_matrix": [
      [
        1964,
        41
      ],
      [
        42,
        2259
      ]
    ],
    "classification_report": "              precision    recall  f1-score   support\n\n     no_fire       0.98      0.98      0.98      2005\n        fire       0.98      0.98      0.98      2301\n\n    accuracy                           0.98      4306\n   macro avg       0.98      0.98      0.98      4306\nweighted avg       0.98      0.98      0.98      4306\n",
    "per_class": {
      "precision": {
        "no_fire": 0.9790628115653041,
        "fire": 0.9821739130434782
      },
      "recall": {
        "no_fire": 0.9795511221945137,
        "fire": 0.9817470664928292
      },
      "f1": {
        "no_fire": 0.9793069060084767,
        "fire": 0.9819604433818735
      }
    },
    "roc_auc": 0.9974055517442811
  }
}