{
  "train_loss": [
    0.662610648039779,
    0.6457147708171094,
    0.6365963172049544,
    0.6315769182341131,
    0.622312987956526,
    0.6134731793835152,
    0.6043211198770083,
    0.6000970887922054,
    0.5924980922926605,
    0.5883183438853441,
    0.5836192364066974,
    0.5742545939678521,
    0.5705133677877452,
    0.5648050961586145,
    0.5625367086397577,
    0.554168729625676,
    0.5485192838702266,
    0.5468849091373418,
    0.5382792205292715,
    0.526168892353908,
    0.527770494983207,
    0.5183219948100828,
    0.5171464887274876,
    0.5056765933112322,
    0.505971541838948,
    0.4917859369678195,
    0.49123365523049195,
    0.4783237492876355,
    0.4805545898584219,
    0.483167952609278,
    0.47114164163084593,
    0.462989357734158,
    0.46626735812398645,
    0.46070343835860894,
    0.4596919844188302,
    0.4532050003563117,
    0.447290519985678,
    0.45073326002823283,
    0.4441965378450053,
    0.44504209786518667,
    0.44399387686096164,
    0.44398609070082057,
    0.43098552140714896,
    0.42994418042412713,
    0.4296961811063516,
    0.4306466208931008,
    0.42574982166425135,
    0.42572204896767213,
    0.42169642364142707,
    0.41742348643989047,
    0.42256106544134303,
    0.4172999019064515,
    0.4111963810896442,
    0.4153828767225214,
    0.4090984711145384,
    0.4144681521198329,
    0.4106281237904303,
    0.40844627159618146,
    0.4063883301426922,
    0.412939376218826,
    0.4076840146297243,
    0.39826760518604815
  ],
  "train_acc": [
    0.6007647641977057,
    0.6184676391445971,
    0.6273190766180428,
    0.6320634471038097,
    0.6445262710664212,
    0.650757683047727,
    0.6671859509984421,
    0.6646367370060898,
    0.6722843789831469,
    0.6814898739555304,
    0.6848888259453335,
    0.69196997592409,
    0.6914034839257895,
    0.7014587168956239,
    0.7028041353915876,
    0.705990652882028,
    0.7128593683614219,
    0.7142047868573856,
    0.7224189208327433,
    0.72978331681065,
    0.7324741538025775,
    0.735164990794505,
    0.74054666477836,
    0.7469905112590285,
    0.7491148562526554,
    0.757824670726526,
    0.7547089647358731,
    0.7649058207052826,
    0.7638436482084691,
    0.7671009771986971,
    0.7732615776802153,
    0.7760940376717179,
    0.7737572581787282,
    0.7804135391587593,
    0.7850162866449512,
    0.7846622291460134,
    0.7874238776377284,
    0.785866024642402,
    0.7924514941226455,
    0.7889817306330548,
    0.7895482226313554,
    0.7919558136241326,
    0.7981164141056507,
    0.8005948165982155,
    0.795142331114573,
    0.7980456026058632,
    0.798399660104801,
    0.800028324599915,
    0.801656989095029,
    0.8015153660954539,
    0.8017278005948166,
    0.8083840815748478,
    0.8088089505735732,
    0.8093046310720861,
    0.8109332955672001,
    0.8066137940801587,
    0.8082424585752727,
    0.8107208610678374,
    0.8089505735731483,
    0.8078175895765473,
    0.8081716470754851,
    0.8151819855544541
  ],
  "val_loss": [
    0.6192846282855752,
    0.6101206760738314,
    0.6211087302756064,
    0.574429505111016,
    0.5799872758462257,
    0.5548355136949992,
    0.5603883232652527,
    0.5412296787979677,
    0.5248443043416309,
    0.5186953486241016,
    0.5162648898885422,
    0.5338127633422306,
    0.544461983035213,
    0.5186753937033648,
    0.49117373421634597,
    0.4859914920225586,
    0.48984043031316443,
    0.47133354823460283,
    0.4697928890662709,
    0.4588671328557521,
    0.517187171606059,
    0.43906213696469965,
    0.4638632909231579,
    0.44826058052557033,
    0.4288293782660027,
    0.39639581476827873,
    0.41368136581839976,
    0.40066600391238005,
    0.5058003719704053,
    0.39759323619229275,
    0.4181537546371062,
    0.38314173526140216,
    0.3834696343341439,
    0.37151152525365966,
    0.40234706658370717,
    0.3588184057014812,
    0.37364195424525704,
    0.35451696290797796,
    0.35084089609919134,
    0.378885969039552,
    0.3435031164283912,
    0.3332210787735188,
    0.33914168315373133,
    0.34194973422233593,
    0.334599262890742,
    0.33480077926261526,
    0.340518705258818,
    0.37030262623903987,
    0.32679060516283687,
    0.3916423018138433,
    0.30969616432779845,
    0.3149122131277913,
    0.3488255656833194,
    0.32103702039985926,
    0.3220858230620392,
    0.360561131182866,
    0.35252826464525666,
    0.3638690954515922,
    0.3259592429619551,
    0.33406134723618475,
    0.34161828419424056,
    0.33281902851748096
  ],
  "val_acc": [
    0.6511777992900936,
    0.6605356566634398,
    0.6476282671829623,
    0.6802194256211681,
    0.6889319135204904,
    0.7086156824782188,
    0.6944175540496934,
    0.7170054856405292,
    0.7366892545982575,
    0.744433688286544,
    0.7386253630203291,
    0.7215230719586964,
    0.7266860277508874,
    0.7470151661826395,
    0.7612132946111649,
    0.7583091319780574,
    0.7589545014520813,
    0.7741206840916425,
    0.7763794772507261,
    0.7696030977734754,
    0.7134559535333979,
    0.7950951919974185,
    0.7834785414649887,
    0.7841239109390126,
    0.8115521135850274,
    0.818973862536302,
    0.8154243304291707,
    0.8157470151661826,
    0.7560503388189739,
    0.8251048725395289,
    0.7992900935785737,
    0.8163923846402065,
    0.835108099386899,
    0.8344627299128751,
    0.8247821878025169,
    0.845756695708293,
    0.8331719909648274,
    0.8476928041303646,
    0.8480154888673765,
    0.829945143594708,
    0.851242336237496,
    0.8544691836076154,
    0.8496289125524362,
    0.8538238141335914,
    0.8602775088738303,
    0.850919651500484,
    0.8476928041303646,
    0.8315585672797676,
    0.8599548241368183,
    0.8305905130687319,
    0.8689899967731526,
    0.8712487899322362,
    0.851242336237496,
    0.8696353662471765,
    0.8602775088738303,
    0.8376895772829945,
    0.8528557599225557,
    0.8347854146498871,
    0.8518877057115198,
    0.8525330751855438,
    0.8576960309777347,
    0.8589867699257825
  ],
  "learning_rate": [
    0.0009999975572749199,
    0.0009999902291237877,
    0.00099997801561893,
    0.000999960916880889,
    0.000999938933078422,
    0.0009999120644285004,
    0.000999880311196307,
    0.0009998436736952333,
    0.0009998021522868768,
    0.000999755747381037,
    0.0009997044594357114,
    0.0009996482889570914,
    0.000999587236499557,
    0.0009995213026656716,
    0.000999450488106175,
    0.0009993747935199786,
    0.0009992942196541572,
    0.0009992087673039425,
    0.0009991184373127147,
    0.0009990232305719941,
    0.0009989231480214333,
    0.000998818190648806,
    0.00099870835949,
    0.0009985936556290034,
    0.0009984740801978979,
    0.0009983496343768442,
    0.0009982203193940726,
    0.0009980861365258698,
    0.0009979470870965664,
    0.000997803172478524,
    0.0009976543940921222,
    0.000997500753405743,
    0.0009973422519357583,
    0.0009971788912465137,
    0.0009970106729503133,
    0.0009968375987074035,
    0.0009966596702259572,
    0.000996476889262057,
    0.0009962892576196771,
    0.000996096777150666,
    0.000995899449754728,
    0.000995697277379405,
    0.000995490262020057,
    0.0009952784057198417,
    0.0009950617105696953,
    0.0009948401787083115,
    0.0009946138123221205,
    0.0009943826136452668,
    0.0009941465849595884,
    0.0009939057285945926,
    0.000993660046927435,
    0.000993409542382894,
    0.0009931542174333489,
    0.0009928940745987534,
    0.0009926291164466124,
    0.000992359345591956,
    0.0009920847646973136,
    0.0009918053764726876,
    0.000991521183675527,
    0.0009912321891107005,
    0.000990938395630467,
    0.00099063980613445
  ]
}