{
  "train_loss": [
    0.44324025528598154,
    0.33005623313771115,
    0.28637095923404887,
    0.25263087724533556,
    0.2415683559601393,
    0.22062920904570846,
    0.20148469016326767,
    0.1844969994949,
    0.17226571754902198,
    0.17226848788390872,
    0.15758128172604208,
    0.14447582914279058,
    0.13680265199949299,
    0.1205286297576325,
    0.12083700308534084,
    0.10905177241435687,
    0.09877690918136776,
    0.09653061364537181,
    0.08073767234162507,
    0.07623596326764083,
    0.07394823097366823,
    0.061259392901783075,
    0.0622840262275206,
    0.0539708271827043,
    0.05249866022837951,
    0.047333808228103826,
    0.04574277818969944,
    0.04017392986947123,
    0.04308793346536645,
    0.037187714149901005
  ],
  "train_acc": [
    0.7772270216683189,
    0.8449936269650191,
    0.868644667894066,
    0.8869848463390455,
    0.8938535618184393,
    0.904829344285512,
    0.9138224047585328,
    0.9246565642260303,
    0.9300382382098853,
    0.9301798612094604,
    0.9361988386914035,
    0.9424302506727092,
    0.9454751451635746,
    0.9514233111457301,
    0.9523438606429684,
    0.9559552471321343,
    0.9613369211159892,
    0.9609828636170514,
    0.9688429400934712,
    0.9693386205919842,
    0.9696218665911344,
    0.975711655572865,
    0.9756408440730775,
    0.9793230420620309,
    0.9798895340603314,
    0.9813057640560827,
    0.9813765755558703,
    0.9835717320492848,
    0.9837841665486475,
    0.9861917575414247
  ],
  "val_loss": [
    0.4489187512969233,
    0.22838061088312073,
    0.2097634446588777,
    0.16608159536809047,
    0.1469119819489184,
    0.1549215928540978,
    0.12220598497687835,
    0.12493341868607329,
    0.1760327517078678,
    0.11152150879428818,
    0.09607687388869607,
    0.10410783907417746,
    0.10635163798317605,
    0.09249367795325374,
    0.09684694757004425,
    0.07463416430143588,
    0.08999382872018745,
    0.07551488347745203,
    0.0680187734373484,
    0.08201040336661039,
    0.06727096738297367,
    0.06431903604895416,
    0.06761137906725226,
    0.06306723811386976,
    0.06134572626169799,
    0.059967222020231734,
    0.05873383158581481,
    0.05786644029768606,
    0.05818345293554111,
    0.05825451542293605
  ],
  "val_acc": [
    0.8251048725395289,
    0.9099709583736689,
    0.9177153920619555,
    0.9296547273313972,
    0.9370764762826719,
    0.9399806389157793,
    0.952565343659245,
    0.9532107131332688,
    0.9403033236527912,
    0.9586963536624717,
    0.9667634720877702,
    0.9606324620845434,
    0.9599870926105195,
    0.9661181026137464,
    0.9686995805098418,
    0.9706356889319135,
    0.9638593094546628,
    0.9719264278799613,
    0.9777347531461762,
    0.9764440141981284,
    0.9751532752500807,
    0.9767666989351403,
    0.9796708615682478,
    0.9774120684091643,
    0.9803162310422717,
    0.978702807357212,
    0.9799935463052598,
    0.9803162310422717,
    0.9809616005162956,
    0.9799935463052598
  ],
  "learning_rate": [
    0.00029918650146218856,
    0.0002967549187089701,
    0.00029273189266983027,
    0.00028716150045992613,
    0.0002801047724619891,
    0.00027163902366467965,
    0.000261857006583393,
    0.00025086589504429044,
    0.00023878610996543221,
    0.00022574999999999996,
    0.00021190039149675632,
    0.00019738902366467966,
    0.0001823748860864372,
    0.00016702247679524653,
    0.0001515,
    0.00013597752320475344,
    0.0001206251139135627,
    0.00010561097633532029,
    9.109960850324366e-05,
    7.725000000000002e-05,
    6.421389003456775e-05,
    5.2134104955709596e-05,
    4.114299341660697e-05,
    3.136097633532032e-05,
    2.2895227538010853e-05,
    1.5838499540073755e-05,
    1.02681073301697e-05,
    6.245081291029855e-06,
    3.8134985378113996e-06,
    2.9999999999999997e-06
  ]
}