{
  "train_loss": [
    0.38953271953228913,
    0.24238995058099608,
    0.18862158721692152,
    0.16235618893377382,
    0.14843168410754917,
    0.12621911819097142,
    0.11226700623709354,
    0.10547322046635378,
    0.09523998951008417,
    0.08930410958017429,
    0.08609608309849152,
    0.07136374498083788,
    0.07162926589640287,
    0.06112916207118002,
    0.061308382298139966,
    0.054423630913552026,
    0.0506297280944513,
    0.04453295428407003,
    0.041174473240971565,
    0.0358933449545833,
    0.029142440145840415,
    0.030537781545816503,
    0.0271209054571749,
    0.02420817261216193,
    0.022943593550060468
  ],
  "train_acc": [
    0.800524005098428,
    0.8913751593258745,
    0.9143888967568333,
    0.9292593117122221,
    0.9380399376858802,
    0.9485908511542275,
    0.9520606146438182,
    0.9563093046310721,
    0.9597082566208752,
    0.9635320776094037,
    0.966435349100694,
    0.9721710805834868,
    0.9721002690836992,
    0.9759949015720153,
    0.9761365245715904,
    0.9785441155643676,
    0.9801727800594816,
    0.9822971250531086,
    0.9844922815465231,
    0.9868290610395128,
    0.9883161025350516,
    0.9883161025350516,
    0.9898031440305906,
    0.9912193740263419,
    0.9901572015295284
  ],
  "val_loss": [
    0.16232822121163895,
    0.1278144746965407,
    0.10662380131438601,
    0.09661423829545399,
    0.0782396261827849,
    0.09361943501793689,
    0.08942376757064623,
    0.0671644758781487,
    0.07001095529179195,
    0.07200196200611787,
    0.06903829458225147,
    0.05803732437550597,
    0.0650578305296184,
    0.0685431239082655,
    0.060235772072173954,
    0.06097313067086769,
    0.05231870796289772,
    0.05446531996195991,
    0.046188587474494086,
    0.04713413224839755,
    0.04794016797264144,
    0.048735036103998215,
    0.04251294715553853,
    0.044577955073543,
    0.0559085812566769
  ],
  "val_acc": [
    0.9332042594385286,
    0.9451435947079703,
    0.9606324620845434,
    0.9619232010325912,
    0.9709583736689255,
    0.9622458857696031,
    0.9657954178767344,
    0.9741852210390448,
    0.9770893836721523,
    0.9741852210390448,
    0.972894482090997,
    0.9793481768312359,
    0.9793481768312359,
    0.979025492094224,
    0.9861245563084866,
    0.9835430784123911,
    0.9832203936753792,
    0.9832203936753792,
    0.9835430784123911,
    0.9832203936753792,
    0.9858018715714747,
    0.9858018715714747,
    0.9845111326234269,
    0.9858018715714747,
    0.9851565020974508
  ],
  "learning_rate": [
    9.972883382072954e-05,
    9.891830623632339e-05,
    9.757729755661011e-05,
    9.572050015330873e-05,
    9.336825748732972e-05,
    9.05463412215599e-05,
    8.728566886113101e-05,
    8.362196501476347e-05,
    7.959536998847741e-05,
    7.524999999999999e-05,
    7.06334638322521e-05,
    6.579634122155988e-05,
    6.079162869547907e-05,
    5.567415893174884e-05,
    5.05e-05,
    4.532584106825115e-05,
    4.0208371304520894e-05,
    3.520365877844009e-05,
    3.0366536167747885e-05,
    2.5750000000000006e-05,
    2.1404630011522583e-05,
    1.7378034985236532e-05,
    1.371433113886899e-05,
    1.0453658778440107e-05,
    7.631742512670284e-06
  ]
}