{
  "train_loss": [
    0.3562262268121696,
    0.24263820765177588,
    0.20190749781804657,
    0.16771081475987692,
    0.15611666599415006,
    0.13806331033788924,
    0.13379648796017218,
    0.11738429977916755,
    0.11223877439637799,
    0.09725607496715778,
    0.0990780996773982,
    0.0950287719387814,
    0.08600371052843953,
    0.08041127367846972,
    0.07779215721253356,
    0.0754238442682168,
    0.07115742497618112,
    0.06335203866242553,
    0.05903056560598347,
    0.05999913459382446,
    0.05926336679972152,
    0.056293509184167936,
    0.05321516223858654,
    0.049857300335364375,
    0.043524135814398124,
    0.04231867183218984,
    0.041210150514725104,
    0.042822410238746604,
    0.04155814609918596,
    0.038566277400333415
  ],
  "train_acc": [
    0.8222631355332106,
    0.8872680923381957,
    0.9073785582778643,
    0.9272057782183827,
    0.9339328706982014,
    0.9397394136807817,
    0.9418637586744087,
    0.9520606146438182,
    0.9522730491431809,
    0.960062314119813,
    0.9567341736297975,
    0.9606996176179011,
    0.9650191191049426,
    0.9643818156068545,
    0.966931029599207,
    0.9673558985979323,
    0.9699051125902847,
    0.9741538025775386,
    0.9765613935703158,
    0.9749327290752018,
    0.974578671576264,
    0.9774819430675542,
    0.9770570740688288,
    0.9795354765613936,
    0.9820138790539583,
    0.983217674550347,
    0.9824387480526837,
    0.9827928055516216,
    0.9830052400509843,
    0.984350658546948
  ],
  "val_loss": [
    0.16661767231674923,
    0.12752138455062337,
    0.0981004278321952,
    0.09553087965258848,
    0.09887995868177182,
    0.07734118733247838,
    0.07468689408287713,
    0.06044098789192803,
    0.07562487700908474,
    0.0733888060473789,
    0.05618803039734425,
    0.0703724133230016,
    0.05790699050328502,
    0.07831123768494191,
    0.07149633440802944,
    0.05729922295782652,
    0.05082443877982609,
    0.05895786914409177,
    0.05574597240519859,
    0.05825692967242578,
    0.0536963886449494,
    0.05514126930796282,
    0.048705122376895345,
    0.05441715837949551,
    0.051024173363591975,
    0.052490685679922815,
    0.05441291106211624,
    0.05144645672070388,
    0.050294595788465214,
    0.051715947119726144
  ],
  "val_acc": [
    0.9332042594385286,
    0.9496611810261375,
    0.9638593094546628,
    0.968054211035818,
    0.9651500484027106,
    0.9722491126169732,
    0.9703130041949016,
    0.979025492094224,
    0.972894482090997,
    0.9706356889319135,
    0.9819296547273314,
    0.9754759599870926,
    0.9799935463052598,
    0.9741852210390448,
    0.9757986447241046,
    0.9806389157792836,
    0.9822523394643433,
    0.9806389157792836,
    0.9819296547273314,
    0.9799935463052598,
    0.9816069699903195,
    0.9825750242013552,
    0.984188447886415,
    0.9848338173604388,
    0.9851565020974508,
    0.9848338173604388,
    0.9845111326234269,
    0.9848338173604388,
    0.9854791868344628,
    0.9854791868344628
  ],
  "learning_rate": [
    4.986441691036477e-05,
    4.945915311816169e-05,
    4.8788648778305053e-05,
    4.7860250076654364e-05,
    4.668412874366486e-05,
    4.527317061077995e-05,
    4.3642834430565503e-05,
    4.1810982507381735e-05,
    3.9797684994238705e-05,
    3.762499999999999e-05,
    3.531673191612605e-05,
    3.289817061077994e-05,
    3.0395814347739534e-05,
    2.783707946587442e-05,
    2.525e-05,
    2.2662920534125574e-05,
    2.0104185652260447e-05,
    1.7601829389220046e-05,
    1.5183268083873943e-05,
    1.2875000000000003e-05,
    1.0702315005761291e-05,
    8.689017492618266e-06,
    6.857165569434495e-06,
    5.2268293892200535e-06,
    3.815871256335142e-06,
    2.639749923345626e-06,
    1.71135122169495e-06,
    1.0408468818383093e-06,
    6.355830896352334e-07,
    5.000000000000001e-07
  ]
}