{
  "test_loss": 0.11117852768849593,
  "metrics": {
    "accuracy": 0.9587628865979382,
    "precision": 0.959736120372116,
    "recall": 0.9587628865979382,
    "f1": 0.9583197708450959,
    "confusion_matrix": [
      [
        477,
        0,
        1
      ],
      [
        6,
        778,
        8
      ],
      [
        12,
        49,
        512
      ]
    ],
    "classification_report": "              precision    recall  f1-score   support\n\n       cloud       0.96      1.00      0.98       478\n       other       0.94      0.98      0.96       792\n       smoke       0.98      0.89      0.94       573\n\n    accuracy                           0.96      1843\n   macro avg       0.96      0.96      0.96      1843\nweighted avg       0.96      0.96      0.96      1843\n",
    "per_class": {
      "precision": {
        "cloud": 0.9636363636363636,
        "other": 0.9407496977025392,
        "smoke": 0.982725527831094
      },
      "recall": {
        "cloud": 0.997907949790795,
        "other": 0.9823232323232324,
        "smoke": 0.893542757417103
      },
      "f1": {
        "cloud": 0.9804727646454265,
        "other": 0.9610870907967881,
        "smoke": 0.9360146252285192
      },
      "roc_auc": {
        "cloud": 0.9998513341609576,
        "other": 0.9949579044488654,
        "smoke": 0.995010375012024
      }
    },
    "roc_auc": 0.996243376524324
  }
}