{
  "train_loss": [
    0.19789043802094447,
    0.08218716576876821,
    0.07769681138285835,
    0.05370722853071389,
    0.05473992027587623,
    0.051717044286695976,
    0.05091044933734728,
    0.04289122447205175,
    0.03975613977231011,
    0.041710713847383625,
    0.033181244819258736,
    0.029682256311072512,
    0.030152853623024254,
    0.02352720156081237,
    0.024869032319380886,
    0.02075331455349832,
    0.020328298849010804,
    0.014603939402743802,
    0.01695918418668693,
    0.014616902838042733,
    0.011367130032689536
  ],
  "train_acc": [
    0.9243609442659589,
    0.9702472412348093,
    0.9727615588769382,
    0.9796759323927923,
    0.9814219863109372,
    0.9814219863109372,
    0.9826093029752758,
    0.9851236206174047,
    0.9870093588490012,
    0.9841458304232434,
    0.9881966755133399,
    0.9897332029613074,
    0.9897332029613074,
    0.991968151976533,
    0.9916887833496298,
    0.9928062578572426,
    0.9928761000139684,
    0.9946919960888392,
    0.9943427853052103,
    0.9952507333426456,
    0.9958793127531779
  ],
  "val_loss": [
    0.021395701914494348,
    0.01643440559724192,
    0.00939532082746293,
    0.012740601701184287,
    0.033560640967117736,
    0.01641022508388702,
    0.011580340957405734,
    0.007794080598863651,
    0.012201114029419041,
    0.00537251053669909,
    0.0022287868993297036,
    0.02455982885254064,
    0.003804794357835592,
    0.017486550131200512,
    0.002011906380228953,
    0.003771082612530903,
    0.005508241659044162,
    0.0022491863183620427,
    0.003006843107989634,
    0.001512771226002014,
    0.001996149114249621
  ],
  "val_acc": [
    0.9907382184690819,
    0.994551893217107,
    0.9970035412694089,
    0.9956415145736857,
    0.9888313810950695,
    0.9931898665213839,
    0.9964587305911196,
    0.9975483519476982,
    0.9975483519476982,
    0.9989103786434214,
    0.9997275946608554,
    0.991555434486516,
    0.9986379733042767,
    0.9959139199128303,
    0.9991827839825661,
    0.9991827839825661,
    0.9983655679651321,
    0.9994551893217107,
    0.9991827839825661,
    0.9994551893217107,
    0.9991827839825661
  ],
  "learning_rate": [
    9.972883382072954e-05,
    9.891830623632339e-05,
    9.757729755661011e-05,
    9.572050015330873e-05,
    9.336825748732972e-05,
    9.05463412215599e-05,
    8.728566886113101e-05,
    8.362196501476347e-05,
    7.959536998847741e-05,
    7.524999999999999e-05,
    7.06334638322521e-05,
    6.579634122155988e-05,
    6.079162869547907e-05,
    5.567415893174884e-05,
    5.05e-05,
    4.532584106825115e-05,
    4.0208371304520894e-05,
    3.520365877844009e-05,
    3.0366536167747885e-05,
    2.5750000000000006e-05,
    2.1404630011522583e-05
  ]
}