{
  "train_loss": [
    0.16109147310323482,
    0.07811755860789812,
    0.06388836990143838,
    0.05608545136471678,
    0.04888903150068862,
    0.04613498191819027,
    0.04298925686777823,
    0.03450358344824573,
    0.03583660323108363,
    0.030484695112266178,
    0.02744616976139826,
    0.027653903189535152,
    0.02833734039216194,
    0.023630709647217633,
    0.023049445680304155,
    0.020419072867038528,
    0.020451879748894237,
    0.01899194428031998,
    0.019462049987461278,
    0.015451444336706897,
    0.013507164260415396,
    0.01144587188900914,
    0.01207096870676391
  ],
  "train_acc": [
    0.9397960609023607,
    0.9714345578991479,
    0.9756949294594217,
    0.9810029333705825,
    0.9821902500349211,
    0.9824696186618243,
    0.9844950412068725,
    0.9870792010057271,
    0.9881966755133399,
    0.9890347813940494,
    0.9898728872747591,
    0.9895935186478558,
    0.9890347813940494,
    0.9916887833496298,
    0.991968151976533,
    0.9918284676630814,
    0.9924570470736136,
    0.9930856264841458,
    0.9925268892303394,
    0.9947618382455651,
    0.9950412068724682,
    0.995809470596452,
    0.9953904176560973
  ],
  "val_loss": [
    0.0190578477072489,
    0.011250013749763046,
    0.007088268773488539,
    0.010388249392449127,
    0.00798175997966293,
    0.016526437770453806,
    0.00462478384421126,
    0.01006778760372823,
    0.0036712897326493556,
    0.0027250065275913346,
    0.003997243121620673,
    0.001910763071298235,
    0.0007885919801597281,
    0.014390075796172427,
    0.001973232345746668,
    0.0012618413734067555,
    0.0012767468169129089,
    0.003199732651853043,
    0.0006868067449313062,
    0.00044136983051430435,
    0.0004496594368981238,
    0.0003319020884784708,
    0.0002908494118499853
  ],
  "val_acc": [
    0.994551893217107,
    0.9975483519476982,
    0.9983655679651321,
    0.9961863252519749,
    0.9964587305911196,
    0.9937346771996731,
    0.9986379733042767,
    0.9967311359302642,
    0.9989103786434214,
    0.9994551893217107,
    0.9989103786434214,
    0.9997275946608554,
    1.0,
    0.9950967038953964,
    0.9991827839825661,
    1.0,
    0.9997275946608554,
    0.9991827839825661,
    0.9997275946608554,
    1.0,
    1.0,
    1.0,
    1.0
  ],
  "learning_rate": [
    4.986441691036477e-05,
    4.945915311816169e-05,
    4.8788648778305053e-05,
    4.7860250076654364e-05,
    4.668412874366486e-05,
    4.527317061077995e-05,
    4.3642834430565503e-05,
    4.1810982507381735e-05,
    3.9797684994238705e-05,
    3.762499999999999e-05,
    3.531673191612605e-05,
    3.289817061077994e-05,
    3.0395814347739534e-05,
    2.783707946587442e-05,
    2.525e-05,
    2.2662920534125574e-05,
    2.0104185652260447e-05,
    1.7601829389220046e-05,
    1.5183268083873943e-05,
    1.2875000000000003e-05,
    1.0702315005761291e-05,
    8.689017492618266e-06,
    6.857165569434495e-06
  ]
}