{
  "train_loss": [
    0.620555419973763,
    0.44195736828260124,
    0.34962359049157904,
    0.3044831753941253,
    0.27428219262011616,
    0.2551510059690502,
    0.24025648641067424,
    0.22604676943072782,
    0.22073808770593523,
    0.20723844902490132,
    0.19371431374124118,
    0.19856826785585976,
    0.17943747286751335,
    0.17817966114463551,
    0.16971778793958947,
    0.1663557618989476,
    0.1507266180539903,
    0.14830984580164244,
    0.1391363495578324,
    0.13668047125351482,
    0.13080163122088248,
    0.1216031881215583,
    0.11465564437509913,
    0.11502545081644452,
    0.11510222469223663,
    0.10997502087515645,
    0.09545427626913547,
    0.0928273661161906,
    0.09659746267633247,
    0.08394107257481664,
    0.08385083391996366,
    0.08132492226806269,
    0.0754772588760326,
    0.07432722370971792,
    0.06747341524273257,
    0.06601585818654192,
    0.06191663175455427,
    0.06252503745989609,
    0.05657588423595631,
    0.05233058740850538,
    0.04914909421599337,
    0.04709190723536137,
    0.045002193738972504,
    0.045798218509714515,
    0.04594731017901462,
    0.03822132229938039,
    0.039960570637569096,
    0.04445213275695486,
    0.04071593372957848,
    0.036250232826984884
  ],
  "train_acc": [
    0.7420729152116218,
    0.8334962983656935,
    0.8677189551613353,
    0.8865064953205755,
    0.899217767844671,
    0.9066210364576058,
    0.9134655678167342,
    0.9173068864366531,
    0.9178656236904595,
    0.9226847325045398,
    0.9298086324905713,
    0.9308562648414583,
    0.935116636401732,
    0.937910322670764,
    0.9400754295292638,
    0.9400754295292638,
    0.9462913814778601,
    0.9448246961866182,
    0.9476183824556502,
    0.9513898589188434,
    0.953624807934069,
    0.9577454951808911,
    0.96025981282302,
    0.9590026540019556,
    0.9590724961586814,
    0.962355077524794,
    0.9648693951669227,
    0.9666154490850678,
    0.9641709735996647,
    0.9697583461377287,
    0.9707361363318899,
    0.9712250314289705,
    0.973879033384551,
    0.9745076127950831,
    0.9775108255342925,
    0.9769520882804861,
    0.9786283000419053,
    0.9783489314150021,
    0.9794664059226149,
    0.9820505657214694,
    0.9824696186618243,
    0.9840759882665177,
    0.9838664617963403,
    0.9840061461097919,
    0.9840759882665177,
    0.9868696745355496,
    0.9859617264981143,
    0.9845648833635983,
    0.986380779438469,
    0.9870792010057271
  ],
  "val_loss": [
    0.429367914513948,
    0.29811225388118107,
    0.20954194418926542,
    0.16274754727441493,
    0.13280565812158823,
    0.20384450289977551,
    0.1191164076781285,
    0.127429686154882,
    0.13717741224485824,
    0.12034963105865956,
    0.10410445536853648,
    0.13878068726373147,
    0.07368440956570735,
    0.08084243120040059,
    0.15738724618640845,
    0.09821498140866859,
    0.15134125729547004,
    0.08104612530165943,
    0.06492124394382066,
    0.09018809641837161,
    0.06556877773887802,
    0.05872546145211622,
    0.05379004525430782,
    0.05691525018305781,
    0.05093474964397383,
    0.05702920552590789,
    0.046661785564638986,
    0.0434713447433909,
    0.040551821208314125,
    0.04304414277002964,
    0.03935784146730404,
    0.049070540991756985,
    0.03288386794184866,
    0.042084497925363555,
    0.026310734095633725,
    0.02815217397448439,
    0.031918008381296166,
    0.024310614519882895,
    0.031584377104321035,
    0.025727662299935554,
    0.0222576207613236,
    0.020868444979316298,
    0.02326647158220705,
    0.020205649171601715,
    0.022494009775419214,
    0.018321360638271035,
    0.019132906955185363,
    0.018464455869893162,
    0.01858935985979997,
    0.01892879804651732
  ],
  "val_acc": [
    0.8286570416780169,
    0.891037864342141,
    0.9215472623263415,
    0.9466085535276492,
    0.9498774175973849,
    0.925088531735222,
    0.9569599564151458,
    0.9605012258240262,
    0.952056660310542,
    0.9599564151457368,
    0.9637700898937619,
    0.944429310814492,
    0.976028330155271,
    0.9716698447289567,
    0.9447017161536366,
    0.9634976845546173,
    0.9447017161536366,
    0.9711250340506674,
    0.9746663034595479,
    0.9703078180332334,
    0.9773903568509943,
    0.9806592209207301,
    0.9828384636338873,
    0.9795695995641515,
    0.9831108689730319,
    0.9820212476164533,
    0.9842004903296104,
    0.986107327703623,
    0.9880141650776355,
    0.9839280849904658,
    0.9871969490602016,
    0.9825660582947425,
    0.9871969490602016,
    0.9831108689730319,
    0.9926450558430945,
    0.9901934077907927,
    0.9907382184690819,
    0.991555434486516,
    0.9910106238082267,
    0.9923726505039498,
    0.9923726505039498,
    0.9931898665213839,
    0.9918278398256606,
    0.9937346771996731,
    0.9923726505039498,
    0.9934622718605285,
    0.9929174611822392,
    0.994551893217107,
    0.9934622718605285,
    0.9934622718605285
  ],
  "learning_rate": [
    0.0009990232305719944,
    0.0009960967771506664,
    0.0009912321891107007,
    0.0009844486647586721,
    0.0009757729755661009,
    0.0009652393605146842,
    0.0009528893909706795,
    0.0009387718066217122,
    0.0009229423231234972,
    0.0009054634122155987,
    0.0008864040551740153,
    0.0008658394705735984,
    0.0008438508174347006,
    0.000820524874925601,
    0.000795953699884774,
    0.000770234263514603,
    0.0007434680686803488,
    0.0007157607493247108,
    0.0006872216535789154,
    0.0006579634122155987,
    0.0006281014941466028,
    0.0005977537507199335,
    0.0005670399506143305,
    0.0005360813071670099,
    0.0005049999999999998,
    0.0004739186928329897,
    0.0004429600493856692,
    0.0004122462492800661,
    0.0003818985058533967,
    0.00035203658778440103,
    0.00032277834642108444,
    0.0002942392506752889,
    0.00026653193131965077,
    0.00023976573648539642,
    0.00021404630011522574,
    0.00018947512507439847,
    0.000166149182565299,
    0.00014416052942640132,
    0.00012359594482598432,
    0.00010453658778440102,
    8.70576768765026e-05,
    7.12281933782875e-05,
    5.71106090293204e-05,
    4.4760639485315563e-05,
    3.422702443389899e-05,
    2.5551335241327665e-05,
    1.876781088929908e-05,
    1.3903222849333505e-05,
    1.0976769428005579e-05,
    1e-05
  ]
}