{
  "train_loss": [
    0.703591960016638,
    0.5666726510971785,
    0.4745369273171361,
    0.41832453973724376,
    0.39701114245690405,
    0.37002072762697935,
    0.35638518581566003,
    0.3405945001036993,
    0.3225677540093394,
    0.3113437152767022,
    0.29988754106619,
    0.2972783973174436,
    0.2757345041858831,
    0.27721516446243705,
    0.2727703579169299,
    0.2623491485802723,
    0.24956459305914386,
    0.24822023359593004,
    0.24266167435728545,
    0.23660385939625225,
    0.22748665099996807,
    0.227382317559594,
    0.21905294952115842,
    0.22795800053115403,
    0.21758756231117463,
    0.21184009513152496,
    0.20667954114365525,
    0.19909919973828696,
    0.19779664697125554,
    0.1949758900404309,
    0.18848434612820192,
    0.1849511623399199,
    0.17871545441448689,
    0.18450068983448936,
    0.1731576159197305,
    0.16853040251381962,
    0.16836210145681565,
    0.1669958063451174,
    0.1646921573223413,
    0.1593962153087237,
    0.158830612440527,
    0.1539213829923288,
    0.15582231900355378,
    0.15606251489537368,
    0.15336697434707144,
    0.14742850622860715,
    0.15327634203380772,
    0.14891438798180648,
    0.14971274386958353,
    0.15013157165542776
  ],
  "train_acc": [
    0.7059645201843833,
    0.770568515155748,
    0.8131722307584858,
    0.8355217209107417,
    0.8463472552032407,
    0.855985472831401,
    0.8593378963542394,
    0.8646459002654002,
    0.876239698281883,
    0.8809191227825115,
    0.8837826512082693,
    0.8866461796340271,
    0.8932113423662522,
    0.891535130604833,
    0.8986590305908646,
    0.9004050845090097,
    0.9060622992037994,
    0.9081575639055735,
    0.9083670903757508,
    0.9140243050705406,
    0.9134655678167342,
    0.9141639893839921,
    0.9175164129068306,
    0.9164687805559436,
    0.9173068864366531,
    0.9200307305489593,
    0.9226847325045398,
    0.9249895236764911,
    0.9256181030870233,
    0.9289006844531359,
    0.9289006844531359,
    0.9332308981701355,
    0.9321134236625227,
    0.9344182148344741,
    0.9353261628719095,
    0.9372817432602318,
    0.9381198491409415,
    0.9390277971783769,
    0.9376309540438609,
    0.9404246403128929,
    0.9403547981561671,
    0.9437770638357312,
    0.9433580108953764,
    0.9432881687386506,
    0.9436373795222797,
    0.945942170694231,
    0.9425199050146669,
    0.9471294873585696,
    0.9436373795222797,
    0.9428691157982958
  ],
  "val_loss": [
    0.5073600859097812,
    0.37041752627524344,
    0.2901359071226224,
    0.26527832426009296,
    0.23604258642248485,
    0.24088703882171894,
    0.23692017045965338,
    0.2766342248043815,
    0.17438214828607274,
    0.215337287216465,
    0.24775443773669395,
    0.15806394087229148,
    0.1458284787009807,
    0.1355738743315432,
    0.11904041945228686,
    0.20567121860305793,
    0.14396760674202516,
    0.12534255783180212,
    0.10695002546781325,
    0.21893905753551499,
    0.11256290706176357,
    0.11684491684963098,
    0.1102591060404042,
    0.09552661136368423,
    0.09664998285637051,
    0.11032099991640754,
    0.08212164109201062,
    0.11081030552720578,
    0.08923226430281078,
    0.07791025416603509,
    0.07568382719309145,
    0.13854314815945026,
    0.07325643872147497,
    0.10116131715936005,
    0.06791516361150451,
    0.06649624631115686,
    0.061608146321510585,
    0.05644007230696784,
    0.05617559362641832,
    0.059766304046136455,
    0.05436849437921815,
    0.053065859643388454,
    0.05398521180681517,
    0.05421392365619301,
    0.053580447189992615,
    0.04930471893256491,
    0.05026422310333462,
    0.05131422324934746,
    0.049334375547075225,
    0.05149221032747253
  ],
  "val_acc": [
    0.7962408063198039,
    0.8512666848270226,
    0.8861345682375374,
    0.8956687551076001,
    0.9125578861345682,
    0.9038409152819395,
    0.9024788885862163,
    0.8981204031599019,
    0.933533097248706,
    0.9071097793516752,
    0.8970307818033233,
    0.9376191773358757,
    0.9466085535276492,
    0.9509670389539635,
    0.9594116044674476,
    0.9256333424135113,
    0.9471533642059384,
    0.9506946336148189,
    0.9618632525197494,
    0.9122854807954236,
    0.9555979297194225,
    0.957504767093435,
    0.9648597112503405,
    0.9613184418414601,
    0.9684009806592209,
    0.9602288204848815,
    0.9757559248161264,
    0.9599564151457368,
    0.9651321165894852,
    0.9719422500681013,
    0.9752111141378371,
    0.9553255243802778,
    0.9784799782075728,
    0.9572323617542904,
    0.9779351675292836,
    0.9776627621901389,
    0.9817488422773086,
    0.9825660582947425,
    0.9844728956687551,
    0.9820212476164533,
    0.9852901116861891,
    0.9842004903296104,
    0.9850177063470444,
    0.9833832743121765,
    0.9858349223644783,
    0.986107327703623,
    0.9847453010078998,
    0.9847453010078998,
    0.9855625170253337,
    0.9852901116861891
  ],
  "learning_rate": [
    0.0009990232305719944,
    0.0009960967771506664,
    0.0009912321891107007,
    0.0009844486647586721,
    0.0009757729755661009,
    0.0009652393605146842,
    0.0009528893909706795,
    0.0009387718066217122,
    0.0009229423231234972,
    0.0009054634122155987,
    0.0008864040551740153,
    0.0008658394705735984,
    0.0008438508174347006,
    0.000820524874925601,
    0.000795953699884774,
    0.000770234263514603,
    0.0007434680686803488,
    0.0007157607493247108,
    0.0006872216535789154,
    0.0006579634122155987,
    0.0006281014941466028,
    0.0005977537507199335,
    0.0005670399506143305,
    0.0005360813071670099,
    0.0005049999999999998,
    0.0004739186928329897,
    0.0004429600493856692,
    0.0004122462492800661,
    0.0003818985058533967,
    0.00035203658778440103,
    0.00032277834642108444,
    0.0002942392506752889,
    0.00026653193131965077,
    0.00023976573648539642,
    0.00021404630011522574,
    0.00018947512507439847,
    0.000166149182565299,
    0.00014416052942640132,
    0.00012359594482598432,
    0.00010453658778440102,
    8.70576768765026e-05,
    7.12281933782875e-05,
    5.71106090293204e-05,
    4.4760639485315563e-05,
    3.422702443389899e-05,
    2.5551335241327665e-05,
    1.876781088929908e-05,
    1.3903222849333505e-05,
    1.0976769428005579e-05,
    1e-05
  ]
}