{
  "test_loss": 0.17113911417751504,
  "metrics": {
    "accuracy": 0.9451980466630494,
    "precision": 0.9472892710325614,
    "recall": 0.9451980466630494,
    "f1": 0.9448397090523443,
    "confusion_matrix": [
      [
        478,
        0,
        0
      ],
      [
        28,
        758,
        6
      ],
      [
        13,
        54,
        506
      ]
    ],
    "classification_report": "              precision    recall  f1-score   support\n\n       cloud       0.92      1.00      0.96       478\n       other       0.93      0.96      0.95       792\n       smoke       0.99      0.88      0.93       573\n\n    accuracy                           0.95      1843\n   macro avg       0.95      0.95      0.95      1843\nweighted avg       0.95      0.95      0.94      1843\n",
    "per_class": {
      "precision": {
        "cloud": 0.9210019267822736,
        "other": 0.9334975369458128,
        "smoke": 0.98828125
      },
      "recall": {
        "cloud": 1.0,
        "other": 0.9570707070707071,
        "smoke": 0.8830715532286213
      },
      "f1": {
        "cloud": 0.958876629889669,
        "other": 0.9451371571072319,
        "smoke": 0.9327188940092166
      },
      "roc_auc": {
        "cloud": 0.9996919398593039,
        "other": 0.9940388663033763,
        "smoke": 0.9973519671297633
      }
    },
    "roc_auc": 0.9965351093490915
  }
}