{
  "model_type": "baseline",
  "model_name": "simple",
  "dataset": "smoke",
  "batch_size": 32,
  "epochs": 50,
  "learning_rate": 0.001,
  "weight_decay": 0.0001,
  "pretrained": true,
  "freeze_backbone": false,
  "dropout": 0.3,
  "image_size": 224,
  "device": "cuda",
  "mixed_precision": true,
  "best_val_acc": 0.9972759466085536,
  "test_metrics": {
    "accuracy": 0.9641888225718936,
    "precision": 0.9653022552527614,
    "recall": 0.9641888225718936,
    "f1": 0.9638281912859343,
    "confusion_matrix": [
      [
        478,
        0,
        0
      ],
      [
        7,
        781,
        4
      ],
      [
        19,
        36,
        518
      ]
    ],
    "classification_report": "              precision    recall  f1-score   support\n\n       cloud       0.95      1.00      0.97       478\n       other       0.96      0.99      0.97       792\n       smoke       0.99      0.90      0.95       573\n\n    accuracy                           0.96      1843\n   macro avg       0.97      0.96      0.96      1843\nweighted avg       0.97      0.96      0.96      1843\n",
    "per_class": {
      "precision": {
        "cloud": 0.9484126984126984,
        "other": 0.95593635250918,
        "smoke": 0.9923371647509579
      },
      "recall": {
        "cloud": 1.0,
        "other": 0.9861111111111112,
        "smoke": 0.9040139616055847
      },
      "f1": {
        "cloud": 0.9735234215885947,
        "other": 0.9707893101305158,
        "smoke": 0.9461187214611873
      },
      "roc_auc": {
        "cloud": 0.9999233681242049,
        "other": 0.9985115186114235,
        "smoke": 0.9986601805664345
      }
    },
    "roc_auc": 0.9989239154466546
  }
}