{
  "train_loss": [
    0.6783410338684916,
    0.532861174583169,
    0.43829768184306367,
    0.3939219280811293,
    0.37153434964628623,
    0.33747523254714906,
    0.3100820291853909,
    0.2807937261864676,
    0.25279553652840797,
    0.24566965974268637,
    0.23222052924601094,
    0.22578490335893417,
    0.20700797607423738,
    0.1986670691569868,
    0.19434143866445602,
    0.18429964362543874,
    0.18581734376493841,
    0.17413073802267068,
    0.16944955621979066,
    0.16897013201378286,
    0.15255716957783858,
    0.148371631262957,
    0.14694408986750723,
    0.1421339905687741,
    0.13416900756003866,
    0.130756599853547,
    0.12645851989509538,
    0.12457074663169417,
    0.12378641106520913,
    0.11176169035856479,
    0.1113890275342523,
    0.10342343839251303,
    0.10225619118760473,
    0.10372112176680405,
    0.09098379225802741,
    0.08704308272405926,
    0.08404770519596891,
    0.08264424007315288,
    0.081471088766453,
    0.07697644235824035,
    0.07606211304664612,
    0.07400278493098865,
    0.07389656529163144,
    0.07125516618335885,
    0.06892714538844302,
    0.06551120152497399,
    0.06316631076125694,
    0.06845655097692672,
    0.05737308891158526,
    0.05700204015842506
  ],
  "train_acc": [
    0.7180472132979466,
    0.7887274759044559,
    0.8252549238720491,
    0.8493504679424501,
    0.8568934208688365,
    0.8689062718256739,
    0.8822461237603018,
    0.8953066070680262,
    0.9025701913675094,
    0.9073194580248638,
    0.9133957256600084,
    0.9152814638916049,
    0.9228244168179913,
    0.9268752619080877,
    0.9302276854309262,
    0.9315546864087163,
    0.9309959491549099,
    0.9365134795362481,
    0.9377706383573124,
    0.9367230060064254,
    0.9433580108953764,
    0.945592959910602,
    0.9451040648135215,
    0.9478977510825535,
    0.9498533314708758,
    0.9525073334264562,
    0.95327559715044,
    0.95676770498673,
    0.9528565442100853,
    0.9586534432183266,
    0.9594217069423103,
    0.9614471294873586,
    0.9607487079201006,
    0.9622852353680682,
    0.9659868696745355,
    0.9687805559435675,
    0.9704567677049867,
    0.9712948735856963,
    0.9702472412348093,
    0.972132979466406,
    0.9717139265260512,
    0.9726917167202124,
    0.9722028216231318,
    0.9732504539740188,
    0.9747869814219863,
    0.9759044559295991,
    0.9765330353401313,
    0.9753457186757927,
    0.9788378265120827,
    0.9800949853331471
  ],
  "val_loss": [
    0.5268705031794051,
    0.44001382789777027,
    0.2846053849055391,
    0.2633179660395557,
    0.19032009733010732,
    0.1844033430431686,
    0.14358716596717663,
    0.14859315012075494,
    0.09750228617447884,
    0.17100859041852148,
    0.19582651632356474,
    0.09936809213170858,
    0.08186348454587658,
    0.05589399964080614,
    0.07194882313802815,
    0.06521116751969006,
    0.05806884098062611,
    0.06463073186218737,
    0.07083719857517913,
    0.05300455741761771,
    0.06292609789847832,
    0.0764026764794123,
    0.07733255744540597,
    0.04177507750308628,
    0.04133876882952672,
    0.03394457751712608,
    0.028871636061840334,
    0.04476518711536775,
    0.04734892928103482,
    0.02501267009260435,
    0.03171399388362198,
    0.02720714512738398,
    0.032467746512320345,
    0.016930136695515578,
    0.020286074101035282,
    0.021045227272937787,
    0.02130782309534573,
    0.01580934684378047,
    0.012645385934206388,
    0.012504618575821556,
    0.009728720077960603,
    0.012535660711202344,
    0.015295740987031452,
    0.01124131760030927,
    0.010796402668728928,
    0.0077711448349251965,
    0.009084874562892725,
    0.009255828902195038,
    0.008771305419256113,
    0.00964893299595197
  ],
  "val_acc": [
    0.7769000272405339,
    0.8259329882865705,
    0.8918550803595751,
    0.9043857259602288,
    0.9373467719967311,
    0.9294470171615363,
    0.9406156360664669,
    0.9493326069190956,
    0.9659493326069191,
    0.9253609370743666,
    0.9226368836829202,
    0.962952873876328,
    0.9719422500681013,
    0.9844728956687551,
    0.9735766821029692,
    0.9749387087986925,
    0.9809316262598747,
    0.9765731408335603,
    0.976028330155271,
    0.9809316262598747,
    0.976845546172705,
    0.9681285753200762,
    0.97303187142468,
    0.9850177063470444,
    0.9847453010078998,
    0.9888313810950695,
    0.9885589757559248,
    0.9842004903296104,
    0.9833832743121765,
    0.9926450558430945,
    0.9907382184690819,
    0.9931898665213839,
    0.9885589757559248,
    0.995369109234541,
    0.9942794878779624,
    0.9931898665213839,
    0.9923726505039498,
    0.994551893217107,
    0.9959139199128303,
    0.9959139199128303,
    0.9970035412694089,
    0.9959139199128303,
    0.9948242985562517,
    0.9956415145736857,
    0.9967311359302642,
    0.9967311359302642,
    0.9967311359302642,
    0.9972759466085536,
    0.9970035412694089,
    0.9967311359302642
  ],
  "learning_rate": [
    0.0009990232305719944,
    0.0009960967771506664,
    0.0009912321891107007,
    0.0009844486647586721,
    0.0009757729755661009,
    0.0009652393605146842,
    0.0009528893909706795,
    0.0009387718066217122,
    0.0009229423231234972,
    0.0009054634122155987,
    0.0008864040551740153,
    0.0008658394705735984,
    0.0008438508174347006,
    0.000820524874925601,
    0.000795953699884774,
    0.000770234263514603,
    0.0007434680686803488,
    0.0007157607493247108,
    0.0006872216535789154,
    0.0006579634122155987,
    0.0006281014941466028,
    0.0005977537507199335,
    0.0005670399506143305,
    0.0005360813071670099,
    0.0005049999999999998,
    0.0004739186928329897,
    0.0004429600493856692,
    0.0004122462492800661,
    0.0003818985058533967,
    0.00035203658778440103,
    0.00032277834642108444,
    0.0002942392506752889,
    0.00026653193131965077,
    0.00023976573648539642,
    0.00021404630011522574,
    0.00018947512507439847,
    0.000166149182565299,
    0.00014416052942640132,
    0.00012359594482598432,
    0.00010453658778440102,
    8.70576768765026e-05,
    7.12281933782875e-05,
    5.71106090293204e-05,
    4.4760639485315563e-05,
    3.422702443389899e-05,
    2.5551335241327665e-05,
    1.876781088929908e-05,
    1.3903222849333505e-05,
    1.0976769428005579e-05,
    1e-05
  ]
}