{
  "test_loss": 0.040319634540757196,
  "metrics": {
    "accuracy": 0.989148128052089,
    "precision": 0.9892208295475382,
    "recall": 0.989148128052089,
    "f1": 0.989151570478051,
    "confusion_matrix": [
      [
        477,
        1,
        0
      ],
      [
        9,
        782,
        1
      ],
      [
        0,
        9,
        564
      ]
    ],
    "classification_report": "              precision    recall  f1-score   support\n\n       cloud       0.98      1.00      0.99       478\n       other       0.99      0.99      0.99       792\n       smoke       1.00      0.98      0.99       573\n\n    accuracy                           0.99      1843\n   macro avg       0.99      0.99      0.99      1843\nweighted avg       0.99      0.99      0.99      1843\n",
    "per_class": {
      "precision": {
        "cloud": 0.9814814814814815,
        "other": 0.9873737373737373,
        "smoke": 0.9982300884955753
      },
      "recall": {
        "cloud": 0.997907949790795,
        "other": 0.9873737373737373,
        "smoke": 0.9842931937172775
      },
      "f1": {
        "cloud": 0.9896265560165975,
        "other": 0.9873737373737373,
        "smoke": 0.9912126537785588
      },
      "roc_auc": {
        "cloud": 0.9999754777997456,
        "other": 0.9995170544647234,
        "smoke": 0.9998612084484203
      }
    },
    "roc_auc": 0.9997429506051461
  }
}