{
  "train_loss": [
    0.24151005732294703,
    0.1494397242807151,
    0.12244061264209449,
    0.10955359469932903,
    0.08816526419416602,
    0.09359321273846685,
    0.08908128948782437,
    0.07595266901314192,
    0.07806640631419473,
    0.06856912253923449,
    0.06888393744884524,
    0.05743028984371839,
    0.06669336257203083,
    0.05368693841488233,
    0.053547934612392316,
    0.048930656396675785,
    0.0449763146877688,
    0.03864151566761263,
    0.036879795563956055,
    0.032815308159245306,
    0.028086936684433437,
    0.025971694911796867,
    0.022345113118977418,
    0.022360289427784404,
    0.019518826466862396,
    0.01885409190851663,
    0.016074282032864824,
    0.01605147744495688,
    0.014474966058644765,
    0.016471134806384465
  ],
  "train_acc": [
    0.9106718815477022,
    0.9472691716720212,
    0.9559994412627462,
    0.9603296549797458,
    0.9675233971225031,
    0.9652186059505518,
    0.968291660846487,
    0.9715742422125995,
    0.9735996647576477,
    0.9748568235787121,
    0.9758346137728733,
    0.9803045118033245,
    0.9752060343623411,
    0.9807934069004051,
    0.9793965637658891,
    0.9834474088559855,
    0.9833775666992597,
    0.9867299902220981,
    0.9872887274759045,
    0.9883363598267915,
    0.990571308842017,
    0.990571308842017,
    0.9918983098198072,
    0.9922475206034362,
    0.9931554686408717,
    0.9937840480514039,
    0.9943427853052103,
    0.9948316804022909,
    0.9948316804022909,
    0.9939935745215812
  ],
  "val_loss": [
    0.04854484401250335,
    0.03951953167460211,
    0.01933690675910127,
    0.0424681394688259,
    0.027196177485181935,
    0.024445564715350213,
    0.05040057069752394,
    0.022816542964574183,
    0.018181753443624746,
    0.015938714759742515,
    0.011612507617938599,
    0.013583355426121473,
    0.0377613956504018,
    0.016301127565838135,
    0.004588492348778781,
    0.00501109005774948,
    0.007916044557836082,
    0.0045214145337774386,
    0.007572678937185443,
    0.002790306569609722,
    0.005511173289093933,
    0.004208287553347359,
    0.004345102752536743,
    0.0028216977594401334,
    0.0031264939981838326,
    0.002960398650969617,
    0.0022495906840820524,
    0.0021581363985561713,
    0.0013967117965757612,
    0.0015713654837426199
  ],
  "val_acc": [
    0.9871969490602016,
    0.9871969490602016,
    0.9937346771996731,
    0.9863797330427676,
    0.9918278398256606,
    0.991555434486516,
    0.9812040315990194,
    0.991555434486516,
    0.9937346771996731,
    0.994551893217107,
    0.9967311359302642,
    0.9950967038953964,
    0.9896485971125034,
    0.9959139199128303,
    0.9983655679651321,
    0.9986379733042767,
    0.9978207572868428,
    0.9978207572868428,
    0.9972759466085536,
    0.9994551893217107,
    0.9983655679651321,
    0.9989103786434214,
    0.9986379733042767,
    0.9989103786434214,
    0.9986379733042767,
    0.9989103786434214,
    0.9991827839825661,
    0.9991827839825661,
    0.9994551893217107,
    0.9994551893217107
  ],
  "learning_rate": [
    0.00029918650146218856,
    0.0002967549187089701,
    0.00029273189266983027,
    0.00028716150045992613,
    0.0002801047724619891,
    0.00027163902366467965,
    0.000261857006583393,
    0.00025086589504429044,
    0.00023878610996543221,
    0.00022574999999999996,
    0.00021190039149675632,
    0.00019738902366467966,
    0.0001823748860864372,
    0.00016702247679524653,
    0.0001515,
    0.00013597752320475344,
    0.0001206251139135627,
    0.00010561097633532029,
    9.109960850324366e-05,
    7.725000000000002e-05,
    6.421389003456775e-05,
    5.2134104955709596e-05,
    4.114299341660697e-05,
    3.136097633532032e-05,
    2.2895227538010853e-05,
    1.5838499540073755e-05,
    1.02681073301697e-05,
    6.245081291029855e-06,
    3.8134985378113996e-06,
    2.9999999999999997e-06
  ]
}